{
  "max_depth": 5,
  "learning_rate": 0.027356839486920186,
  "n_estimators": 787,
  "subsample": 0.8262022674003212,
  "colsample_bytree": 0.6125974089402942,
  "gamma": 1.4512299061085965,
  "reg_alpha": 0.09078757042158325,
  "reg_lambda": 0.7182835076662109,
  "min_child_weight": 1
}