{
  "max_depth": 5,
  "learning_rate": 0.008614583068091644,
  "n_estimators": 569,
  "subsample": 0.7146553299488577,
  "colsample_bytree": 0.73744054941768,
  "gamma": 0.4364922650451739,
  "reg_alpha": 0.3555118894830608,
  "reg_lambda": 1.994710585967554,
  "min_child_weight": 1
}