{
  "timestamp": "2025-12-25T23:54:03.586254",
  "n_trials_completed": 47,
  "best_value": 0.5752221245198815,
  "best_params": {
    "max_depth": 4,
    "learning_rate": 0.015646742050208013,
    "n_estimators": 418,
    "subsample": 0.6806896731105663,
    "colsample_bytree": 0.8069920186594544,
    "gamma": 1.3238203835403963,
    "reg_alpha": 0.25847458557548697,
    "reg_lambda": 1.3130692213963004,
    "min_child_weight": 10
  },
  "trials_summary": [
    {
      "number": 0,
      "value": -1.1751285083717715,
      "params": {
        "max_depth": 2,
        "learning_rate": 0.018728409766696583,
        "n_estimators": 449,
        "subsample": 0.606221791139788,
        "colsample_bytree": 0.6224664965375024,
        "gamma": 4.5040220017565575,
        "reg_alpha": 0.9052542550870948,
        "reg_lambda": 0.7006127073833821,
        "min_child_weight": 10
      },
      "state": "TrialState.PRUNED",
      "user_attrs": {}
    },
    {
      "number": 1,
      "value": 2.0008998367869406,
      "params": {
        "max_depth": 2,
        "learning_rate": 0.0406827948197285,
        "n_estimators": 530,
        "subsample": 0.6144514776228236,
        "colsample_bytree": 0.6559437051772969,
        "gamma": 1.5327802243664834,
        "reg_alpha": 0.20672876088548175,
        "reg_lambda": 1.3149164895398675,
        "min_child_weight": 1
      },
      "state": "TrialState.PRUNED",
      "user_attrs": {}
    },
    {
      "number": 2,
      "value": 0.05720613881490304,
      "params": {
        "max_depth": 4,
        "learning_rate": 0.04703253463852265,
        "n_estimators": 445,
        "subsample": 0.8802040799807427,
        "colsample_bytree": 0.8375971520469621,
        "gamma": 2.848103195761502,
        "reg_alpha": 0.5960692325433763,
        "reg_lambda": 1.1397072112819489,
        "min_child_weight": 6
      },
      "state": "TrialState.COMPLETE",
      "user_attrs": {
        "completed_folds": 5,
        "sharpe_std": 0.7430946519800266
      }
    },
    {
      "number": 3,
      "value": -0.4983449962937309,
      "params": {
        "max_depth": 5,
        "learning_rate": 0.04822225041387676,
        "n_estimators": 750,
        "subsample": 0.7558471364816055,
        "colsample_bytree": 0.7058541305864665,
        "gamma": 1.999125991428737,
        "reg_alpha": 0.4554214800301595,
        "reg_lambda": 0.552149006484459,
        "min_child_weight": 2
      },
      "state": "TrialState.PRUNED",
      "user_attrs": {}
    },
    {
      "number": 4,
      "value": 1.6014522530274338,
      "params": {
        "max_depth": 3,
        "learning_rate": 0.015934051773177468,
        "n_estimators": 471,
        "subsample": 0.7154224234866996,
        "colsample_bytree": 0.7169803399949869,
        "gamma": 0.7518570384197626,
        "reg_alpha": 0.03059130987759895,
        "reg_lambda": 0.5652904347752694,
        "min_child_weight": 7
      },
      "state": "TrialState.PRUNED",
      "user_attrs": {}
    },
    {
      "number": 5,
      "value": 0.0579648142234469,
      "params": {
        "max_depth": 4,
        "learning_rate": 0.03647469781833861,
        "n_estimators": 429,
        "subsample": 0.7924355429183705,
        "colsample_bytree": 0.8355148809764484,
        "gamma": 4.258069076932581,
        "reg_alpha": 0.9020948236547129,
        "reg_lambda": 1.6023876799686294,
        "min_child_weight": 9
      },
      "state": "TrialState.PRUNED",
      "user_attrs": {}
    },
    {
      "number": 6,
      "value": 0.0,
      "params": {
        "max_depth": 4,
        "learning_rate": 0.008641683900493599,
        "n_estimators": 144,
        "subsample": 0.8125493796516811,
        "colsample_bytree": 0.758880277958271,
        "gamma": 1.0994367632859008,
        "reg_alpha": 0.21494238981432823,
        "reg_lambda": 1.9625073460305602,
        "min_child_weight": 2
      },
      "state": "TrialState.PRUNED",
      "user_attrs": {}
    },
    {
      "number": 7,
      "value": 1.482448271834669,
      "params": {
        "max_depth": 3,
        "learning_rate": 0.017196476324961494,
        "n_estimators": 357,
        "subsample": 0.8723929891422623,
        "colsample_bytree": 0.6332098491888664,
        "gamma": 1.5820916780899572,
        "reg_alpha": 0.2028574224986277,
        "reg_lambda": 1.9429915125245636,
        "min_child_weight": 9
      },
      "state": "TrialState.PRUNED",
      "user_attrs": {}
    },
    {
      "number": 8,
      "value": null,
      "params": {},
      "state": "TrialState.PRUNED",
      "user_attrs": {}
    },
    {
      "number": 9,
      "value": -0.3844021874079152,
      "params": {
        "max_depth": 4,
        "learning_rate": 0.009516894833663641,
        "n_estimators": 308,
        "subsample": 0.8688554032173694,
        "colsample_bytree": 0.6886107874778449,
        "gamma": 1.8488793282199132,
        "reg_alpha": 0.6566926385729295,
        "reg_lambda": 0.5693308778851958,
        "min_child_weight": 1
      },
      "state": "TrialState.PRUNED",
      "user_attrs": {}
    },
    {
      "number": 10,
      "value": 0.0,
      "params": {
        "max_depth": 3,
        "learning_rate": 0.011023118883556702,
        "n_estimators": 316,
        "subsample": 0.8173475458159482,
        "colsample_bytree": 0.7094966981832836,
        "gamma": 1.2381578184592044,
        "reg_alpha": 0.5393689815803089,
        "reg_lambda": 0.9159161297305464,
        "min_child_weight": 10
      },
      "state": "TrialState.PRUNED",
      "user_attrs": {}
    },
    {
      "number": 11,
      "value": 0.0,
      "params": {
        "max_depth": 2,
        "learning_rate": 0.005431132707805932,
        "n_estimators": 382,
        "subsample": 0.8222002727890102,
        "colsample_bytree": 0.6300029742470722,
        "gamma": 2.5073757496661986,
        "reg_alpha": 0.905868017124087,
        "reg_lambda": 0.9566880354010263,
        "min_child_weight": 8
      },
      "state": "TrialState.PRUNED",
      "user_attrs": {}
    },
    {
      "number": 12,
      "value": null,
      "params": {},
      "state": "TrialState.PRUNED",
      "user_attrs": {}
    },
    {
      "number": 13,
      "value": null,
      "params": {},
      "state": "TrialState.PRUNED",
      "user_attrs": {}
    },
    {
      "number": 14,
      "value": null,
      "params": {},
      "state": "TrialState.PRUNED",
      "user_attrs": {}
    },
    {
      "number": 15,
      "value": null,
      "params": {},
      "state": "TrialState.PRUNED",
      "user_attrs": {}
    },
    {
      "number": 16,
      "value": null,
      "params": {
        "max_depth": 5,
        "learning_rate": 0.02467691870988603,
        "n_estimators": 796,
        "subsample": 0.6250882137805955,
        "colsample_bytree": 0.6073725187808693,
        "gamma": 0.2605568800721212,
        "reg_alpha": 0.05421085266899167,
        "reg_lambda": 1.4663187670856308,
        "min_child_weight": 5
      },
      "state": "TrialState.PRUNED",
      "user_attrs": {}
    },
    {
      "number": 17,
      "value": null,
      "params": {
        "max_depth": 5,
        "learning_rate": 0.026549465601024405,
        "n_estimators": 736,
        "subsample": 0.6373640632639018,
        "colsample_bytree": 0.6013241033076158,
        "gamma": 0.18958458120767485,
        "reg_alpha": 0.04538301041030429,
        "reg_lambda": 1.984796885777666,
        "min_child_weight": 5
      },
      "state": "TrialState.PRUNED",
      "user_attrs": {}
    },
    {
      "number": 18,
      "value": null,
      "params": {},
      "state": "TrialState.PRUNED",
      "user_attrs": {}
    },
    {
      "number": 19,
      "value": null,
      "params": {},
      "state": "TrialState.PRUNED",
      "user_attrs": {}
    },
    {
      "number": 20,
      "value": null,
      "params": {},
      "state": "TrialState.PRUNED",
      "user_attrs": {}
    },
    {
      "number": 21,
      "value": null,
      "params": {},