{
  "timestamp": "2025-12-25T23:27:44.139879",
  "n_trials_completed": 2,
  "best_value": 0.5701985852223268,
  "best_params": {
    "max_depth": 2,
    "learning_rate": 0.025139828647200543,
    "n_estimators": 387,
    "subsample": 0.8509021152204529,
    "colsample_bytree": 0.7037141654600997,
    "gamma": 3.7175993381863477,
    "reg_alpha": 0.9028318284012754,
    "reg_lambda": 1.8673749657310625,
    "min_child_weight": 2
  },
  "trials_summary": [
    {
      "number": 0,
      "value": -2.650610382362998,
      "params": {
        "max_depth": 4,
        "learning_rate": 0.013019546040988234,
        "n_estimators": 322,
        "subsample": 0.6959835315551345,
        "colsample_bytree": 0.6242381785847592,
        "gamma": 4.828694332880274,
        "reg_alpha": 0.4717337045605815,
        "reg_lambda": 1.8176958520543374,
        "min_child_weight": 5
      },
      "state": "TrialState.COMPLETE",
      "user_attrs": {
        "completed_folds": 5,
        "sharpe_std": 5.301220764725996
      }
    },
    {
      "number": 1,
      "value": 0.5701985852223268,
      "params": {
        "max_depth": 2,
        "learning_rate": 0.025139828647200543,
        "n_estimators": 387,
        "subsample": 0.8509021152204529,
        "colsample_bytree": 0.7037141654600997,
        "gamma": 3.7175993381863477,
        "reg_alpha": 0.9028318284012754,
        "reg_lambda": 1.8673749657310625,
        "min_child_weight": 2
      },
      "state": "TrialState.COMPLETE",
      "user_attrs": {
        "completed_folds": 5,
        "sharpe_std": 13.069441001291661
      }
    }
  ]
}